Housing,Transportation,Food,Personal,Savings,Debt,Total,Income,Month
6.276070910635475,14.362339988209957,15.646020634824573,14.898271614900297,0.0,0.0,151.18270314857028,4461.389999999999,202008
7.8,13.4,19.0,17.98,0.0,0.0,140.0,2000.8,202009
